Name,email
Anne Ross,aaustin@example.net
Charles Medina,cguerra@example.com
Stephanie Miller,gravesjonathan@example.org
Anne Johnson,stephanie16@example.net
Veronica Hines,joshuaperez@example.org
Nicole Thompson,jlewis@example.com
Steven Miranda,foxkimberly@example.org
Jesus Garza,aguilarsherry@example.com
Isaac Barrera,msimpson@example.com
Joanna Pearson,rebecca33@example.org
Amanda Lozano,higginselizabeth@example.net
Sean Carlson,youngjason@example.org
Ryan White,ygarcia@example.org
Sheila Davis,kevin60@example.com
Trevor Kerr,iallen@example.com
William Pearson,ythomas@example.com
Robert Torres,laurasmith@example.net
Jennifer Reyes PhD,udelacruz@example.org
Robert Stevens,handerson@example.com
Mark Hart,jamesbanks@example.org
Mr. Jonathan Jackson DVM,andersonkatherine@example.org
Candice Brown,ssanford@example.net
Kimberly Henry,owilson@example.com
Meghan Cook,lawsonangela@example.org
Barry Mendoza,mpatterson@example.net
Mary Kennedy,brucebowers@example.org
Jackson Williams,erikcook@example.com
Mary Roach,julie24@example.org
Travis West,martinezbrian@example.net
Kristina Nelson,sadams@example.com
Gabriella Morgan,ryanmontgomery@example.org
Lisa Irwin,awright@example.net
Bradley May,peggy43@example.org
James Herman,nicole79@example.com
Chelsea Soto,thomas47@example.com
Alex Odonnell,randy82@example.com
Rachel Salazar,fscott@example.com
Mia West,anthony82@example.com
Sue Wheeler,rileyjohn@example.com
Timothy Miller,emily19@example.net
Evan Chung,cheryl09@example.net
Dr. Andrew Simmons PhD,bbennett@example.org
Carl Turner,sarah79@example.net
Lisa Reynolds,caseytroy@example.net
Audrey Robinson,sbrady@example.org
James Murray,rogersjeremy@example.org
Stephen Lee,guy47@example.net
David Torres,amy95@example.com
Barbara Rich,mmason@example.com
Michael Clark,james69@example.org
